{
    "acc": [
        0.7665681838989258,
        0.77394545620138,
        0.7751409086314115
    ],
    "val_acc": [
        0.2770666678746541,
        0.7347000042597452,
        0.7347000042597452
    ],
    "val_loss": [
        1.2213172912597656,
        0.5982211430867513,
        0.5914418498675028
    ],
    "loss": [
        0.7554744996807792,
        0.5530611655928872,
        0.5511405535719611
    ]
}