{
    "n_images": 10,
    "batch_size": 3,
    "history_mean": {
        "val_acc": [
            0.7425333261489868,
            0.7425333261489868,
            0.7425333261489868,
            0.7425333261489868,
            0.7425333261489868,
            0.7425333261489868,
            0.7425333261489868,
            0.7425333261489868,
            0.7425333261489868,
            0.7414833307266235
        ],
        "loss": [
            0.6737842907508214,
            0.6181658009688059,
            0.5936371584733328,
            0.6015366911888123,
            0.5936334629853566,
            0.5951351622740427,
            0.5857809782028198,
            0.5925190250078838,
            0.573271244764328,
            0.5810268769661586
        ],
        "val_loss": [
            0.6257524937391281,
            0.6095247566699982,
            0.6007670909166336,
            0.5967346429824829,
            0.5884097516536713,
            0.5842198431491852,
            0.587826281785965,
            0.5814073234796524,
            0.5740609019994736,
            0.5718001127243042
        ],
        "acc": [
            0.6199999923507372,
            0.7349110990762711,
            0.7554666648308436,
            0.7401555528243383,
            0.7404333204030991,
            0.7381666600704193,
            0.740066667397817,
            0.7334222147862116,
            0.7505222260951996,
            0.7392888863881428
        ]
    },
    "f1_scores": [
        0.0,
        0.0,
        0.0,
        0.0
    ],
    "num_epochs": 10,
    "histories": [
        {
            "val_acc": [
                0.7497333288192749,
                0.7497333288192749,
                0.7497333288192749,
                0.7497333288192749,
                0.7497333288192749,
                0.7497333288192749,
                0.7497333288192749,
                0.7497333288192749,
                0.7497333288192749,
                0.7497333288192749
            ],
            "loss": [
                0.6636033455530802,
                0.6341257492701212,
                0.6098097761472067,
                0.6154576142628988,
                0.6121640602747599,
                0.6007263859113058,
                0.5904045502344767,
                0.6058995922406515,
                0.5783766110738119,
                0.5948291420936584
            ],
            "val_loss": [
                0.6480381488800049,
                0.619157612323761,
                0.6015959978103638,
                0.5926454663276672,
                0.5830644965171814,
                0.5773192644119263,
                0.5874500274658203,
                0.5723340511322021,
                0.5737687349319458,
                0.581906259059906
            ],
            "acc": [
                0.5846222142378489,
                0.7376888791720072,
                0.7516444524129232,
                0.7307111024856567,
                0.7322221994400024,
                0.7467999855677286,
                0.741777777671814,
                0.7251999974250793,
                0.7583555579185486,
                0.7366666595141093
            ]
        },
        {
            "val_acc": [
                0.7523999810218811,
                0.7523999810218811,
                0.7523999810218811,
                0.7523999810218811,
                0.7523999810218811,
                0.7523999810218811,
                0.7523999810218811,
                0.7523999810218811,
                0.7523999810218811,
                0.7523999810218811
            ],
            "loss": [
                0.6636406183242798,
                0.6250353852907816,
                0.5906238754590353,
                0.6241108775138855,
                0.5996543765068054,
                0.5974554220835367,
                0.5997525056203207,
                0.6051477789878845,
                0.5744372804959615,
                0.5890100598335266
            ],
            "val_loss": [
                0.5968878865242004,
                0.6028337478637695,
                0.5997253060340881,
                0.5927403569221497,
                0.5827417969703674,
                0.5682398080825806,
                0.5804750323295593,
                0.5771188139915466,
                0.5689477324485779,
                0.5654582381248474
            ],
            "acc": [
                0.7271111011505127,
                0.739644447962443,
                0.7556888858477274,
                0.7298222184181213,
                0.7444444298744202,
                0.7491111159324646,
                0.7292888760566711,
                0.7269777655601501,
                0.7552444537480673,
                0.7441777984301249
            ]
        },
        {
            "val_acc": [
                0.7454000115394592,
                0.7454000115394592,
                0.7454000115394592,
                0.7454000115394592,
                0.7454000115394592,
                0.7454000115394592,
                0.7454000115394592,
                0.7454000115394592,
                0.7454000115394592,
                0.7454000115394592
            ],
            "loss": [
                0.6851419607798258,
                0.6108430822690328,
                0.5904785792032877,
                0.5918963352839152,
                0.5864393512407938,
                0.6000834107398987,
                0.5826318462689718,
                0.5893016457557678,
                0.5798539320627848,
                0.5802428325017294
            ],
            "val_loss": [
                0.6294752359390259,
                0.6042851805686951,
                0.5952844619750977,
                0.5950614213943481,
                0.5889604091644287,
                0.5893826484680176,
                0.5916997790336609,
                0.593778669834137,
                0.5824974775314331,
                0.5692988634109497
            ],
            "acc": [
                0.5856444388628006,
                0.7283999721209208,
                0.7576888799667358,
                0.7442222237586975,
                0.7423111001650492,
                0.7204444408416748,
                0.740577777226766,
                0.7355999946594238,
                0.7416888872782389,
                0.7360888719558716
            ]
        },
        {
            "val_acc": [
                0.722599983215332,
                0.722599983215332,
                0.722599983215332,
                0.722599983215332,
                0.722599983215332,
                0.722599983215332,
                0.722599983215332,
                0.722599983215332,
                0.722599983215332,
                0.7184000015258789
            ],
            "loss": [
                0.6827512383460999,
                0.6026589870452881,
                0.5836364030838013,
                0.5746819376945496,
                0.5762760639190674,
                0.5822754303614298,
                0.5703350106875101,
                0.5697270830472311,
                0.5604171554247538,
                0.5600254734357198
            ],
            "val_loss": [
                0.6286087036132812,
                0.6118224859237671,
                0.6064625978469849,
                0.6064913272857666,
                0.5988723039627075,
                0.6019376516342163,
                0.5916802883148193,
                0.5823977589607239,
                0.5710296630859375,
                0.5705370903015137
            ],