{
    "acc": [
        0.7576249957084655,
        0.7909950017929077
    ],
    "val_loss": [
        0.5680712878704071,
        0.5535153567790985
    ],
    "loss": [
        0.6875950187444687,
        0.5337556466460228
    ],
    "val_acc": [
        0.7676400065422058,
        0.7676400065422058
    ]
}