{
    "acc": [
        0.7590300001204013,
        0.7909949965775013
    ],
    "val_loss": [
        0.5492666825652123,
        0.5505066946148872
    ],
    "loss": [
        0.6025716017931699,
        0.528703010827303
    ],
    "val_acc": [
        0.7676400065422058,
        0.7676400065422058
    ]
}