{
    "acc": [
        0.7427299976348877,
        0.7909950017929077
    ],
    "val_loss": [
        0.5569149494171143,
        0.5488695859909057
    ],
    "loss": [
        0.6452845931053162,
        0.5287336975336074
    ],
    "val_acc": [
        0.7676400065422058,
        0.7676400065422058
    ]
}