{
    "acc": [
        0.7538749985396862,
        0.7909950003027916
    ],
    "val_loss": [
        0.6829095423221588,
        0.672626531124115
    ],
    "loss": [
        0.688343594968319,
        0.676550081372261
    ],
    "val_acc": [
        0.7676400065422058,
        0.7676400065422058
    ]
}